Name,Size,Number,Surname / Back Name,PAYMENT STATUS,,,,,,,
Jesswanie Tan,M,8,Tan,unpaid,,,,,,,
Rachelle Beatrize,XS,22,baeya,paid,ARI SAKON,,,,,,
Christian Gonzales,2XL,0,Christian,paid,,,,,,,
Johnroy Retiza,M,404,roygbv,paid,,,,,,,
Bebs Dela Cruz,L,22,ARQUIO,unpaid,,,,,,,
Bebs Dela Cruz,XL,24,ARQUIO,unpaid,,,,,,,
Matthew Lerio,M,30,Lerio,unpaid,,,,,,PAID,UNPAID
J Canete,L,2,Cañete,paid,,,,,,46,18
,,,,,,,,,,,
J Canete,M,10,Estaris,paid,,,,,,,
Eugene,L,5,Yong,unpaid,,,,,,,
Bebs Dela Cruz,XS,15,TRAIGO,unpaid,,,,,,,
Aryana,XS,17,Queency,paid,,,,,,,
Aaron Patrick Depasucat,M,26,Depasucat,paid,,,,,,,
Regj Joshua Apelo,L,2,Apelo,paid,,,,,,,
Marz Dizon,XL,16,Dizon,paid,,,,,,,
Marz Dizon,XL,11,Lim,paid,,,,,,,
Allessandra Javillo,S,7,A. JAVILLO,paid,,,,,,,
Michiyo Nakata,M,24,Nakata,paid,,,,,,,
Kalil,L,99,Baltazar,paid,,,,,,,
Neil,3XL,16,Chains,paid,,,,,,,
Shekinah,M,8,Jumanguin,paid,,,,,,,
John Ta-ala,L,11,Clemente,paid,ARI SAKON,,,,,,
Samie De Leon,L,30,De Leon,unpaid,,,,,,,
Patrick Gerard A. Nogra,M,17,Nogra,paid,,,,,,,
Art Pabiania,L,15,Pabiania,paid,,,,,,,
Johneveive Benedicto,L,28,Benedicto,paid,,,,,,,
Maleza,S,7,Maleza,paid,,,,,,,
Maleza,M,8,Maleza,paid,,,,,,,
Maleza,M,18,Maleza,paid,,,,,,,
Maleza,L,4,Metoda,paid,,,,,,,
Alleana Erica Gabrido,S,8,ERICA,paid,,,,,,,
Andrea Nicole Montaño,L,11,MONTAÑO,paid,,,,,,,
Apostol,L,27,Apostol,paid,,,,,,,
Nicole Tan,S,1,Tan,unpaid,,,,,,,
Jason James Sales,M,3,Sales,paid,,,,,,,
Ram Centena,L,8,no name,paid,,,,,,,
Archie,L,15,Archie,paid,,,,,,,
gwyneth Li,L,27,Gwyneth,paid,,,,,,,
Mykel,XL,11,Mylo,paid,,,,,,,
Delos reyes,M,25,De Los Reyes,paid,,,,,,,
Basa,S,2,Basa,paid,,,,,,,
Jam,S,19,Jam,paid,,,,,,,
Jan Gicana,M,69,Fernandez,unpaid,,,,,,,
Jan Gicana,S,18,Diaz,unpaid,,,,,,,
Jan Gicana,M,12,Gicana,unpaid,,,,,,,
Forth,L,16,CABIOS,unpaid,,,,,,,
Atasha,2XL,16,Sardeña,paid,,,,,,,
Alexi,S,14,Alexi,unpaid,,,,,,,
Jason Gonzales,L,6,Gonzales,paid,,,,,,,
Kurt Geocadin,L,31,Geocadin,paid,,,,,,,
Paul Araneta,L,30,Araneta,paid,,,,,,,
Jumarie,L,9,Arellano,unpaid,,,,,,,
Esconde,L,19,KRYSTEL,paid,,,,,,,
Kana Ponce,S,1,TESHIROGI,paid,,,,,,,
Chester Lachica,XL,24,LACHICA,paid,,,,,,,
Franz,L,29,Validor,paid,,,,,,,
Franzin,XS,3,Validor,paid,,,,,,,
Micaih Alvarado,M,7,Alvarado,unpaid,,,,,,,
Priti,L,87,Priti,unpaid,,,,,,,
Real,S,28,Kayeri,paid,ARI SAKON,,,,,,
NG,S,20,ENGEE,unpaid,,,,,,,
BRYLE BALANSAG,M,12,BRYLALA,paid,,,,,,,
Michael Valdegamo,L,82,Valdegamo,paid,,,,,,,
Von Cariño,M,7,Cariño,paid,,,,,,,
Luis Toribio,L,13,huicho,paid,,,,,,,
Allyna Laraya,S,16,Laraya,unpaid,,,,,,,
Sam,S,19,Gonzalez,unpaid,,,,,,,