Name,Size,Number,Jersey Name,PAYMENT,,,,,
Bien Lausa,47,L,Bien,paid,,,,,
Remyl,7,M,Semaning,unpaid,,,,,
Jhomer,22,XL,Perlado,unpaid,,,,,
Marianne,9,M,Adeva,paid,,,PAID,UNPAID,
Donny,4,L,Jocson,paid,,,45,25,
Adriane,18,M,Velasco,unpaid,,,,,
Jaden,18,M,Rivera,paid,,,CASH ON HAND(1):,,20250
Mayang,7,S,Ledesma,paid,,,,,
Christian,3,M,Escabas,unpaid,,,,,
Ferry,7,M,Fronda,paid,,,,,
Gillan Ira Malapago,12,Small,Malapago,paid,,,,,
Marc Angelo B. Villanueva,23,S,Villanueva,paid,,,,,
Kelly D. Amante,23,S,Amante,paid,,,,,
Karol Estrellas,23,L,Estrellas,paid,,,,,
Ronald,20,XL,Grijaldo,paid,,,,,
Kent Axel Dayon,—,M,Dayono,unpaid,,,,,
Troi Tantiado,30,XL,Tantiado,paid,,,,,
Iael,25,M,Chavez,unpaid,,,,,
Gab gepulle,5,XL,GAB,paid,,,,,
Laurence P. Magno,10,L,Magno,paid,,,,,
herl Lagalagot,15,M,herl,paid,,,,,
Elsa,29,XL,Vinson,paid,,,,,
Jhaybhee,14,L,Aguirre,paid,,,,,
Colleen,3,L,Condada,paid,,,,,
Ashton,6,L,Austria,unpaid,,,,,
Tritianne,7,M,Tring,unpaid,,,,,
Dante,3,XL,Dan,unpaid,,,,,
Joachim,12,M,Jadoc,unpaid,,,,,
John vincent sarmiento,25,M,Sarmiento,unpaid,,,,,
Justine de leon,21,XXL,De Leon,unpaid,,,,,
Eric Paulo Ramos,12,LARGE,RAMOS E.,paid,,,,,
Roderic bihag,13,M,expired,paid,,,,,
Ed Juneson Belarmino,24,3xl,Belarmino,paid,,,,,
Andrea ghale virata,9,small,VIRATA,paid,,,,,
Mem,69,XL,Mens,unpaid,,,,,
Matthew Gelera,11,M,Gelera,paid,,,,,
Tristan Ybañez,8,2xl,Tris World,paid,,,,,
Nawaz Porras,0,M,Porras,paid,,,,,
Kim Makilan,7,M,Makilan,paid,,,,,
Aryana,2,S,Temblor,paid,,,,,
Aryana,20,M,Serquillios,paid,,,,,
Aryana,4,S,Genada,paid,,,,,
Aryana,9,XS,Oloroso,paid,,,,,
Aryana,3,L,Silva,paid,,,,,
Win,1,L,Villarias,paid,,,,,
Donna Diel,18,S,Diel,unpaid,,,,,
Kathreng Javier,78,M,Thereng,paid,,,,,
Clarice Kim Gepanago,21,xsmall,GEPANAGO,unpaid,,,,,
Bon mark,21,S,Bon Mark,paid,,,,,
John Lloyd Placido,16,Large,Placido,paid,,,,,
Paolo Pingcale,27,L,Pingcale,paid,,,,,
Spencer Pepito,28,L,Spencer,unpaid,,,,,
Jayvee Jamelano,23,L,JAMELANO,paid,,,,,
Shery Lee Tembrevilla,20,M,Tembrevilla,paid,,,,,
Pring,21,M,Hi'lway,paid,,,,,
Zeian,3,S,Polanco,paid,,,,,
Zeian,3,XL,Polanco,paid,,,,,
Zeian,29,L,Coach,unpaid,,,,,
Jazel,27,L,Jazzy,unpaid,,,,,
Joel,20,XXXXL,JoJo,unpaid,,,,,
Jose Reyes,9,M,Reyes,paid,,,,,
Arian Quisumbing,24,L,Quisumbing,unpaid,,,,,
Kath Magpantay,12,M,Magpantay,unpaid,,,,,
Jun Regalado,8,L,Regalado,unpaid,,,,,
Andrei Libo-on,3,2XL,Libo-on,paid,,,,,
Rica,10,M,Rica,paid,,,,,
Sheilabelle,7,S,Torralba,unpaid,,,,,
Rhejane,11,L,Ejane,paid,,,,,
Adriane Velasco ,S,18,Velasco,unpaid,ari sakon,,,,
Benz ,L,21,Carmelo,unpaid,ari sakon,,,,