Name,Size,Number,Jersey Name,PAYMENT STATUS,,,,,,
Franz Andre Aguirre,S,14,Andre,paid,,,,,,
Samuel Ta-ala,S,9,sam,unpaid,,,,,,
Mark Riego,L,15,Kib,paid,,,,,,
Andrea Estocado,XS,11,Estocado,paid,,,,,,
Tashcuh Sonota,M,26,sheng kuaile,paid,PAID,UNPAID,,,,
Cedrick Canillas,L,21,Canillas,paid,21,6,,,,
Adaurix Gonzaga,M,7,Adaurix,paid,,,,,,
Richard De Los Santos Jr.,L,24,Ardee,unpaid,TOTAL PLAYERS:,,7350,,PAID:,21
Cryslin Marie,S,9,Ching,paid,,,,,,
Joel Guay,M,23,Guay,unpaid,TOTAL NON(1):,,20250,,PAID:,45
Lui Franz Lomugdang,L,30,Wi,unpaid,,,,,,
Marielle Tolosa,Small,19,Renz,paid,TOTAL NON(2):,,13950,,PAID:,31
Kyle bajilidad,Large,11,Bajilidad,paid,,,,,,
Villanueva,Small,24,Villanueva,paid,,,,,,
Ezra John Arroz,M,10,Ezra,paid,TOTAL CASH ON HAND:,,,,NO. OF ORDERS,97
Althea Genada,XS,3,(No Name),paid, NON&PLAYERS:,,41550,,to pay (print):,33950
Liane Iris Jaluag,XS,1,IRIS,paid,From sponsor:,5000,W/Sponsor,46550,cash bilin: ,7600
Cherokee Encarguez,M,39,Cherokee,paid,,,,,,
Kevin Legita,M,7,Legita,paid,,,,,,
(2) Kevin Legita,M,7,Legita,paid,,,,,,
Sean,L,16,(No Name),paid,,,,,,
Sean Segovia,L,14,Naes,paid,,,,,,
David Ymalay,XL,8,Bidoy,paid,,,,,,
Enzo,2XL,33,Melo,paid,,,,,,
Kalani,L,18,(No name),unpaid,,,,,,
Jj Uy,XL,5,Uy,unpaid,,,,,,
Waleed,L,8,Abetong ,paid,,,,,,
Yuri,XL,99,(No name),unpaid,,,,,,